Run,Q1_set,Q2_set,Q3_set,D_set,NMR_set
1758,195.34,155.223,75.815,458.66,0.410653
1759,189.307,150.429,73.4737,444.496,0.397971
1760,195.292,155.185,75.7965,458.548,0.410553
1761,193.95,154.119,75.2756,455.397,0.407731
